rule,count,win_rate,avg_return,median_return,max_return,min_return,score
hold_return_pct >= 0.155,41,95.12,11.91,8.02,59.71,-2.41,18.0116
hold_super_price_divergence <= -0.00706,41,85.37,10.43,8.02,59.71,-11.28,16.935599999999997
hold_main_price_divergence <= -0.03802,41,75.61,9.26,8.02,59.71,-14.24,15.9208
holding_days >= 6.5,41,85.37,10.32,6.0,59.71,-11.36,14.8936
hold_days >= 6.5,41,85.37,10.32,6.0,59.71,-11.36,14.8936
hold_return_pct >= -3.7845,53,81.13,8.77,6.0,59.71,-8.81,14.2444
hold_positive_l2_bar_ratio_avg >= 0.44355,41,75.61,9.69,6.0,59.71,-11.9,13.9868
hold_main_net_ratio >= -0.019655,41,78.05,8.52,6.0,59.71,-11.9,13.948
hold_cum_main_ratio_last >= -0.019655,41,78.05,8.52,6.0,59.71,-11.9,13.948
hold_super_net_ratio >= -0.009195,41,78.05,8.17,6.0,59.71,-14.52,13.878
hold_cum_super_ratio_last >= -0.009195,41,78.05,8.17,6.0,59.71,-14.52,13.878
hold_active_buy_strength_avg >= -2.4507,41,75.61,9.1,6.0,59.71,-11.9,13.8688
hold_main_positive_day_ratio >= 0.4202,41,75.61,7.34,6.0,45.49,-11.9,13.5168
hold_negative_main_day_ratio <= 0.5798,41,75.61,7.34,6.0,45.49,-11.9,13.5168
hold_super_price_divergence <= 0.012304,53,79.25,8.43,3.96,59.71,-11.28,11.986
hold_sell_pressure_avg <= 1.39255,41,65.85,6.45,3.96,59.71,-14.52,10.518
hold_add_sell_ratio <= 1.37285,41,65.85,6.12,3.96,59.71,-14.52,10.452
hold_super_net_ratio >= -0.0178205,53,73.58,6.52,3.21,59.71,-14.52,10.4004
hold_cum_super_ratio_last >= -0.0178205,53,73.58,6.52,3.21,59.71,-14.52,10.4004
launch3_main_net_ratio <= 0.05008,41,70.73,7.07,3.22,45.49,-11.36,10.2924
hold_amount_sum >= 7.81321e+09,41,70.73,6.76,3.21,59.71,-18.38,10.220400000000001
launch_to_entry_main_net_ratio <= 0.032545,41,70.73,6.08,3.16,45.49,-11.36,10.034400000000002
hold_super_positive_day_ratio >= 0.4,50,68.0,6.78,3.21,59.71,-11.9,10.006
hold_negative_super_day_ratio <= 0.6,50,68.0,6.78,3.21,59.71,-11.9,10.006
hold_main_positive_day_ratio >= 0.356645,53,67.92,6.48,3.21,59.71,-11.9,9.939599999999999
hold_negative_main_day_ratio <= 0.643355,53,67.92,6.48,3.21,59.71,-11.9,9.939599999999999
hold_main_price_divergence <= -0.00197,54,68.52,6.14,3.12,59.71,-18.38,9.8296
hold_active_buy_strength_avg >= -3.18824,53,66.04,6.41,3.22,59.71,-14.52,9.785200000000001
hold_super_positive_day_ratio >= 0.343905,53,66.04,6.43,3.21,59.71,-11.9,9.779200000000001
hold_negative_super_day_ratio <= 0.656095,53,66.04,6.43,3.21,59.71,-11.9,9.779200000000001
holding_days >= 5,54,66.67,6.01,3.21,59.71,-14.52,9.745600000000001
hold_days >= 5,54,66.67,6.01,3.21,59.71,-14.52,9.745600000000001
hold_positive_l2_bar_ratio_avg >= 0.4204,54,66.67,5.97,3.21,59.71,-14.52,9.7376
hold_max_daily_main_outflow_ratio >= -0.12024,43,65.12,5.79,3.22,59.71,-11.9,9.5876
hold_return_pct >= -6.96,65,66.15,5.9,3.07,59.71,-14.24,9.542
hold_main_net_ratio >= -0.038539,53,66.04,5.12,3.21,59.71,-14.52,9.517200000000003
hold_cum_main_ratio_last >= -0.038539,53,66.04,5.12,3.21,59.71,-14.52,9.517200000000003
launch3_main_net_ratio <= 0.0729405,53,66.04,5.69,3.07,45.49,-11.9,9.491200000000001
hold_cum_super_ratio_min >= -0.030615,41,63.41,6.03,3.21,59.71,-11.9,9.4888
hold_super_price_divergence <= 0.045778,65,66.15,5.54,3.07,59.71,-16.72,9.47
hold_sell_pressure_avg <= 1.42648,53,64.15,5.47,3.21,59.71,-18.38,9.436
discover_to_entry_main_net_ratio <= 0.02497,41,68.29,4.5,3.07,30.63,-11.36,9.433200000000001
hold_active_buy_strength_avg >= -6.22146,65,66.15,5.27,3.07,59.71,-14.52,9.416
hold_order_event_count_sum >= 755059,44,65.91,5.01,3.12,59.71,-18.38,9.394800000000002
launch_to_entry_main_positive_day_ratio <= 0.6,51,64.71,5.74,3.07,59.71,-16.72,9.394799999999998
hold_main_price_divergence <= 0.033164,65,66.15,5.16,3.07,59.71,-18.38,9.394
hold_cum_main_ratio_min >= -0.03695,41,63.41,4.97,3.21,59.71,-11.9,9.2768
launch_to_entry_main_net_ratio <= 0.056368,53,64.15,5.18,3.07,45.49,-11.36,9.238
hold_add_sell_ratio <= 1.41625,53,62.26,5.22,3.21,59.71,-18.38,9.2348
pull_to_entry_amount_anomaly_avg <= 1.29584,53,64.15,4.36,3.16,45.49,-11.36,9.164000000000001
hold_amount_anomaly_avg >= 0.99845,41,60.98,5.12,3.21,59.71,-18.38,9.112400000000001
hold_main_net_ratio >= -0.050792,65,64.62,4.74,2.99,59.71,-14.52,9.107600000000001
hold_cum_main_ratio_last >= -0.050792,65,64.62,4.74,2.99,59.71,-14.52,9.107600000000001
launch_to_entry_order_event_count_sum <= 685679,41,63.41,4.3,3.16,45.49,-14.52,9.0928
discover_to_entry_super_price_divergence >= -0.01183,41,65.85,4.95,2.82,59.71,-14.52,9.078
discover_to_entry_max_daily_main_outflow_ratio <= -0.09754,41,63.41,5.07,2.99,59.71,-16.72,9.076799999999999
discover_to_entry_max_drawdown_pct <= -6.02,41,65.85,4.88,2.82,59.71,-18.38,9.064
discover_to_entry_main_price_divergence >= -0.00146,41,65.85,4.67,2.82,59.71,-14.24,9.021999999999998
hold_cvd_ratio >= -0.04411,53,64.15,4.32,2.99,59.71,-11.9,8.986
discover_to_entry_max_drawdown_pct <= -3.688,53,64.15,4.3,2.99,59.71,-18.38,8.982
hold_max_drawdown_pct >= -5.195,41,65.85,4.43,2.82,27.1,-11.28,8.973999999999998
launch_to_entry_active_buy_strength_avg <= 4.73876,53,62.26,4.79,2.99,45.49,-11.36,8.9288
hold_support_spread_avg >= -0.070456,65,63.08,4.46,2.99,59.71,-14.52,8.9284
hold_super_positive_day_ratio >= 0.2,68,63.24,4.77,2.91,59.71,-11.9,8.923200000000001
hold_negative_super_day_ratio <= 0.8,68,63.24,4.77,2.91,59.71,-11.9,8.923200000000001
launch_to_entry_amount_sum <= 7.38555e+09,41,60.98,4.62,3.07,59.71,-14.52,8.872399999999999
hold_oib_ratio >= -0.071578,65,61.54,4.27,3.07,59.71,-14.52,8.847199999999999
discover_to_entry_active_buy_strength_avg <= 2.2429,41,63.41,4.74,2.82,59.71,-11.36,8.8408
discover_to_entry_main_positive_day_ratio <= 0.625,55,61.82,4.51,2.99,59.71,-16.72,8.8376
hold_cvd_ratio >= -0.02832,41,63.41,4.58,2.82,59.71,-11.09,8.8088
launch_to_entry_positive_l2_bar_ratio_avg <= 0.59791,53,62.26,4.17,2.99,45.49,-16.72,8.8048
launch_to_entry_amount_avg <= 1.45542e+09,43,65.12,3.84,2.82,45.49,-11.9,8.797600000000001
hold_support_spread_avg >= -0.0491995,53,60.38,4.81,2.99,59.71,-14.52,8.7824
hold_main_positive_day_ratio >= 0.2,66,62.12,4.5,2.91,59.71,-16.72,8.7796
hold_negative_main_day_ratio <= 0.8,66,62.12,4.5,2.91,59.71,-16.72,8.7796
discover_to_entry_positive_l2_bar_ratio_avg <= 0.52275,41,63.41,4.27,2.82,59.71,-16.72,8.746799999999999
hold_amount_sum >= 5.18432e+09,53,60.38,4.45,2.99,59.71,-18.38,8.7104
discover_to_entry_return_pct <= 3.365,41,65.85,3.1,2.82,45.49,-11.09,8.707999999999998
pull_to_entry_amount_sum <= 1.88946e+09,53,60.38,3.97,3.07,45.49,-11.36,8.6944
pull_to_entry_amount_avg <= 1.88946e+09,53,60.38,3.97,3.07,45.49,-11.36,8.6944
discover_to_entry_main_positive_day_ratio <= 0.55055,41,60.98,4.9,2.82,59.71,-16.72,8.6784
hold_positive_l2_bar_ratio_avg >= 0.3537,66,62.12,4.39,2.82,59.71,-14.52,8.6676
hold_super_net_ratio >= -0.028108,65,61.54,4.61,2.82,59.71,-14.52,8.6652
hold_cum_super_ratio_last >= -0.028108,65,61.54,4.61,2.82,59.71,-14.52,8.6652
launch_to_entry_max_drawdown_pct <= -1.9435,53,64.15,3.52,2.82,45.49,-18.38,8.656
launch_to_entry_support_spread_avg <= 0.0230105,53,66.04,2.71,2.82,45.49,-11.9,8.6452
launch_to_entry_main_net_ratio <= 0.069202,65,63.08,3.73,2.82,45.49,-16.72,8.612400000000001
hold_amount_avg <= 1.51515e+09,41,63.41,3.58,2.82,45.49,-16.72,8.608799999999999
discover_to_entry_active_buy_strength_avg <= 4.9963,65,61.54,4.31,2.82,59.71,-14.52,8.6052
launch_to_entry_positive_l2_bar_ratio_avg <= 0.6279,66,62.12,4.07,2.82,59.71,-16.72,8.6036
pull_to_entry_amount_anomaly_avg <= 0.9816,42,61.9,4.73,2.69,45.49,-11.36,8.588
discover_to_entry_cvd_ratio <= -0.005508,53,60.38,4.6,2.82,59.71,-18.38,8.5704
hold_cancel_buy_ratio >= 0.00362,41,60.98,4.21,2.82,59.71,-14.52,8.5404
launch3_main_net_ratio <= 0.082828,65,61.54,3.87,2.82,45.49,-11.9,8.517199999999999
discover_to_entry_positive_l2_bar_ratio_avg <= 0.56087,53,60.38,4.31,2.82,59.71,-16.72,8.5124
launch_to_entry_amount_anomaly_avg <= 1.14651,53,62.26,3.55,2.82,45.49,-11.9,8.5108
discover_to_entry_order_event_count_sum <= 986602,41,58.54,3.75,3.07,45.49,-11.9,8.5032
discover_to_entry_main_net_ratio <= 0.041851,53,62.26,3.46,2.82,30.63,-11.36,8.4928
hold_cum_super_ratio_max_drawdown <= -0.01549,54,59.26,4.56,2.82,59.71,-14.52,8.4728
hold_cum_super_ratio_max_drawdown <= -0.02612,41,58.54,4.76,2.82,59.71,-14.52,8.4552
discover_to_entry_cvd_ratio <= 0.010362,65,60.0,4.06,2.82,59.71,-18.38,8.431999999999999
launch_to_entry_oib_ratio <= 0.0191615,53,64.15,2.35,2.82,45.49,-11.9,8.422
discover_to_entry_main_net_ratio <= 0.054082,65,61.54,3.34,2.82,45.49,-16.72,8.4112
launch_to_entry_active_buy_strength_avg <= 6.6823,67,61.19,3.47,2.82,45.49,-11.36,8.4092
pull_to_entry_cancel_buy_ratio >= 0.0101,41,58.54,4.5,2.82,59.71,-18.38,8.4032
discover_to_entry_days >= 7,52,61.54,3.88,2.67,59.71,-16.72,8.369200000000001
hold_cvd_ratio >= -0.065064,65,60.0,3.67,2.82,59.71,-11.9,8.354
hold_cum_main_ratio_min >= -0.066716,53,58.49,4.13,2.82,59.71,-14.52,8.3252
launch3_super_net_ratio <= 0.03238,53,60.38,3.35,2.82,45.49,-11.9,8.3204
launch_to_entry_max_daily_super_outflow_ratio >= -0.07338,54,57.41,3.83,2.94,59.71,-18.38,8.2988
pull_to_entry_order_event_count_sum <= 132967,44,61.36,3.44,2.69,45.49,-11.09,8.286800000000001
discover_to_entry_cvd_ratio <= -0.016885,41,60.98,2.94,2.82,45.49,-18.38,8.286399999999999
discover_to_entry_super_positive_day_ratio <= 0.5,41,63.41,3.41,2.52,59.71,-18.38,8.2748
discover_to_entry_super_positive_day_ratio <= 0.52275,41,63.41,3.41,2.52,59.71,-18.38,8.2748
discover_to_entry_buy_support_avg <= 1.39108,41,58.54,3.67,2.82,45.49,-11.9,8.2372
discover_to_entry_add_buy_ratio <= 1.38419,41,58.54,3.67,2.82,45.49,-11.9,8.2372
discover_to_entry_days >= 6,64,60.94,3.46,2.67,59.71,-18.38,8.2372
pull_to_entry_cvd_ratio <= 0.008065,41,53.66,3.83,3.16,59.71,-18.38,8.2188
pull_to_entry_cvd_ratio <= 0.03902,54,57.41,4.18,2.79,59.71,-18.38,8.2188
pullback_support_spread_avg >= -0.066044,65,58.46,3.57,2.82,59.71,-18.38,8.2108
hold_cum_super_ratio_min >= -0.039456,53,56.6,4.24,2.82,59.71,-14.52,8.196000000000002
pull_to_entry_sell_pressure_avg <= 1.38256,53,56.6,4.0,2.82,59.71,-18.38,8.148000000000001
pull_to_entry_add_sell_ratio <= 1.38261,53,56.6,4.0,2.82,59.71,-18.38,8.148000000000001
discover_to_entry_max_daily_super_outflow_ratio <= -0.04108,66,60.61,3.14,2.67,59.71,-18.38,8.146799999999999
hold_cum_super_ratio_max_drawdown <= -0.00841,67,56.72,3.94,2.82,59.71,-14.52,8.1456
hold_cancel_buy_ratio >= 0.0010275,53,56.6,3.91,2.82,59.71,-18.38,8.13
holding_days >= 3,72,59.72,3.4,2.67,59.71,-18.38,8.1276
hold_days >= 3,72,59.72,3.4,2.67,59.71,-18.38,8.1276
launch_to_entry_amount_anomaly_avg <= 0.9716,41,63.41,4.03,2.22,45.49,-11.9,8.0988
discover_to_entry_amount_avg <= 1.6309e+09,53,60.38,3.65,2.52,59.71,-16.72,8.080400000000001
launch_to_entry_amount_avg <= 1.857e+09,53,60.38,3.65,2.52,59.71,-16.72,8.080400000000001
launch_to_entry_cvd_ratio <= 0.014504,53,56.6,3.65,2.82,59.71,-18.38,8.078000000000001
discover_to_entry_positive_l2_bar_ratio_avg <= 0.61104,65,60.0,3.78,2.52,59.71,-16.72,8.076
hold_oib_ratio >= -0.027645,41,56.1,5.34,2.52,59.71,-14.52,8.076
launch_to_entry_positive_l2_bar_ratio_avg <= 0.5429,42,59.52,3.22,2.67,45.49,-16.72,8.075600000000001
launch_to_entry_max_drawdown_pct <= -2.655,41,58.54,2.77,2.82,30.63,-18.38,8.0572
launch_to_entry_cancel_buy_ratio >= 0.011515,41,56.1,3.68,2.82,59.71,-16.72,8.044
hold_support_spread_avg >= -0.01186,41,56.1,5.1,2.52,59.71,-14.52,8.028
launch_to_entry_buy_support_avg <= 1.4013,42,57.14,3.17,2.82,45.49,-11.9,8.0252
discover_to_entry_buy_support_avg <= 1.43198,53,58.49,2.59,2.82,45.49,-11.9,8.0172
discover_to_entry_max_drawdown_pct <= -2.3,65,60.0,3.38,2.52,59.71,-18.38,7.996
hold_order_event_count_sum >= 532966,53,56.6,3.15,2.82,59.71,-18.38,7.978000000000001
discover_to_entry_add_sell_ratio <= 1.39991,53,54.72,3.78,2.82,59.71,-18.38,7.9536
pull_to_entry_sell_pressure_avg <= 1.26268,41,56.1,3.18,2.82,59.71,-18.38,7.944
launch_to_entry_main_price_divergence <= 0.003812,65,55.38,3.43,2.82,59.71,-18.38,7.936400000000001
pull_to_entry_add_sell_ratio <= 1.26733,41,56.1,3.04,2.82,59.71,-18.38,7.916
pull_to_entry_buy_support_avg <= 1.38542,41,56.1,2.98,2.82,45.49,-11.9,7.904
discover_to_entry_super_positive_day_ratio <= 0.6,54,61.11,3.16,2.37,59.71,-18.38,7.8908000000000005
hold_add_sell_ratio <= 1.47169,65,55.38,3.16,2.82,59.71,-18.38,7.8824000000000005
discover_to_entry_sell_pressure_avg <= 1.42543,53,54.72,3.36,2.82,45.49,-18.38,7.869599999999999
launch_to_entry_max_daily_main_outflow_ratio <= -0.036009,53,56.6,4.1,2.52,59.71,-18.38,7.868
launch_to_entry_sell_pressure_avg <= 1.42724,53,54.72,3.16,2.82,45.49,-18.38,7.829599999999999
launch_to_entry_active_buy_strength_avg <= 3.09795,41,58.54,3.11,2.52,45.49,-11.36,7.825200000000001
launch_to_entry_cvd_ratio <= 0.03083,65,58.46,3.11,2.52,59.71,-18.38,7.8187999999999995
launch_to_entry_cvd_ratio <= -0.009055,41,56.1,2.52,2.82,30.9,-18.38,7.811999999999999
launch_to_entry_oib_ratio >= -0.05982,67,58.21,3.09,2.52,59.71,-18.38,7.7948
launch_to_entry_add_buy_ratio <= 1.4304,53,56.6,2.23,2.82,45.49,-11.9,7.7940000000000005
discover_to_entry_active_buy_strength_avg <= 3.41257,53,56.6,3.69,2.52,59.71,-14.52,7.786
discover_to_entry_amount_anomaly_avg <= 1.07027,53,60.38,3.54,2.22,59.71,-14.52,7.7584
pull_to_entry_super_net_ratio >= 0.02633,41,53.66,4.67,2.52,59.71,-18.38,7.7467999999999995
pull_to_entry_max_daily_super_outflow_ratio >= 0.02633,41,53.66,4.67,2.52,59.71,-18.38,7.7467999999999995
pull_to_entry_super_price_divergence >= 0.02633,41,53.66,4.67,2.52,59.71,-18.38,7.7467999999999995
discover_to_entry_amount_sum <= 1.08757e+10,41,58.54,4.12,2.22,59.71,-11.9,7.7272
pullback_depth_from_launch_peak_pct <= -6.15,41,58.54,1.06,2.82,45.49,-18.38,7.715199999999999
hold_oib_ratio >= -0.050748,53,54.72,4.05,2.52,59.71,-14.52,7.707600000000001
pull_to_entry_positive_l2_bar_ratio_avg <= 0.64945,41,53.66,1.94,2.99,45.49,-14.24,7.6708
hold_order_event_count_sum >= 399007,66,59.09,2.85,2.37,59.71,-18.38,7.667200000000001
hold_amount_anomaly_avg >= 0.94566,53,54.72,3.84,2.52,59.71,-18.38,7.6656
launch_to_entry_support_spread_avg <= 0.00355,44,61.36,1.89,2.37,45.49,-11.9,7.6568000000000005
pre5_return_pct >= -11.4215,53,58.49,2.27,2.52,59.71,-18.38,7.653200000000001
launch_to_entry_super_net_ratio <= 0.041,66,59.09,2.72,2.37,45.49,-11.9,7.641200000000001
launch_to_entry_main_price_divergence <= -0.0135955,53,54.72,3.39,2.52,59.71,-18.38,7.5756000000000006
launch3_super_net_ratio <= 0.09276,65,58.46,3.38,2.22,45.49,-11.9,7.572800000000001
launch_to_entry_super_net_ratio <= 0.027364,53,60.38,2.56,2.22,45.49,-11.36,7.5624
pull_to_entry_order_event_count_sum <= 179367,53,58.49,3.31,2.22,45.49,-11.36,7.5612
launch_to_entry_support_spread_avg >= -0.0212,54,53.7,2.84,2.67,59.71,-18.38,7.534
discover_to_entry_return_pct <= 6.86,53,60.38,2.35,2.22,45.49,-14.24,7.5203999999999995
discover_to_entry_order_event_count_sum <= 1.31394e+06,53,56.6,3.8,2.22,59.71,-14.52,7.508000000000001
launch_to_entry_max_daily_super_outflow_ratio >= -0.08583,65,58.46,3.05,2.22,59.71,-18.38,7.506800000000001
launch3_add_buy_ratio <= 1.44632,55,58.18,3.12,2.22,45.49,-11.9,7.4984
launch_to_entry_buy_support_avg <= 1.42482,54,55.56,1.88,2.67,45.49,-11.9,7.4908
launch_to_entry_oib_ratio <= -0.00284,41,60.98,1.87,2.22,45.49,-11.9,7.4723999999999995
pull_to_entry_sell_pressure_avg <= 1.47768,65,53.85,3.13,2.52,59.71,-18.38,7.454
pull_to_entry_add_sell_ratio <= 1.47974,65,53.85,3.13,2.52,59.71,-18.38,7.454
pullback_main_net_ratio <= 0.051915,53,56.6,1.89,2.52,45.49,-14.24,7.426
discover_to_entry_super_net_ratio <= 0.03776,65,58.46,2.63,2.22,45.49,-11.9,7.4228000000000005
hold_sell_pressure_avg <= 1.48017,65,53.85,2.96,2.52,59.71,-18.38,7.419999999999999
hold_cum_main_ratio_min >= -0.08835,66,54.55,3.35,2.37,59.71,-14.52,7.404
pullback_support_spread_avg <= 0.0601875,53,56.6,1.56,2.52,21.82,-14.24,7.36
pull_to_entry_order_event_count_sum <= 224611,65,56.92,2.89,2.22,45.49,-16.72,7.3516
pullback_super_net_ratio >= 0.02324,41,51.22,3.63,2.52,59.71,-18.38,7.3435999999999995
launch_to_entry_add_sell_ratio <= 1.41241,53,52.83,2.87,2.52,59.71,-18.38,7.320399999999999
pull_to_entry_support_spread_avg >= -0.09784,65,55.38,3.3,2.22,59.71,-18.38,7.310400000000001
pull_to_entry_oib_ratio >= -0.09784,65,55.38,3.3,2.22,59.71,-18.38,7.310400000000001
pull_to_entry_support_spread_avg <= 0.089731,53,56.6,1.3,2.52,21.82,-14.24,7.308
pull_to_entry_oib_ratio <= 0.089731,53,56.6,1.3,2.52,21.82,-14.24,7.308
launch_to_entry_max_drawdown_pct <= -1.498,65,58.46,2.05,2.22,45.49,-18.38,7.306800000000001
hold_cum_main_ratio_max_drawdown <= -0.0194,65,53.85,3.73,2.22,59.71,-14.52,7.274000000000001
launch_to_entry_add_sell_ratio <= 1.32919,41,53.66,2.3,2.52,59.71,-18.38,7.272799999999999
pull_to_entry_buy_support_avg <= 1.45053,53,54.72,1.84,2.52,45.49,-14.24,7.265600000000001
launch_to_entry_sell_pressure_avg <= 1.35723,41,53.66,2.22,2.52,45.49,-18.38,7.256799999999999
hold_add_buy_ratio <= 1.32493,42,54.76,1.02,2.67,21.82,-18.38,7.2547999999999995
rank >= 5,46,56.52,1.8,2.37,45.49,-18.38,7.251600000000001
launch_to_entry_main_positive_day_ratio <= 0.75,70,54.29,2.67,2.37,59.71,-18.38,7.2472
discover_to_entry_cancel_sell_ratio >= 0.000835,41,53.66,2.17,2.52,45.49,-14.24,7.2467999999999995
launch_to_entry_return_pct <= 7.21,42,59.52,2.42,2.0,45.49,-14.24,7.2456000000000005
launch_to_entry_super_positive_day_ratio >= 0.5714,44,54.55,1.75,2.52,30.9,-18.38,7.234
pull_to_entry_cancel_sell_ratio >= 0.002505,41,53.66,2.08,2.52,45.49,-11.9,7.2288
launch_to_entry_add_buy_ratio <= 1.38698,45,53.33,2.15,2.52,45.49,-11.9,7.2164
discover_to_entry_sell_pressure_avg <= 1.35057,41,53.66,1.96,2.52,45.49,-18.38,7.2048
discover_to_entry_max_daily_super_outflow_ratio >= -0.08486,55,56.36,2.37,2.22,59.71,-18.38,7.2028
discover_to_entry_max_daily_main_outflow_ratio <= -0.0621625,53,54.72,2.76,2.22,59.71,-18.38,7.1495999999999995
discover_to_entry_cancel_buy_ratio >= 0.010465,41,53.66,1.47,2.52,45.49,-18.38,7.106799999999999
launch3_return_pct >= 6.875,41,53.66,2.7,2.22,59.71,-18.38,7.0528
discover_to_entry_amount_anomaly_avg <= 0.9237,41,60.98,4.67,1.19,59.71,-11.9,7.002400000000001
discover_to_entry_add_buy_ratio <= 1.42335,53,54.72,2.02,2.22,45.49,-11.9,7.0016
discover_to_entry_add_sell_ratio <= 1.44616,65,52.31,2.97,2.22,59.71,-18.38,6.9988
launch3_super_net_ratio >= 0.02466,42,54.76,3.66,1.85,59.71,-18.38,6.9628000000000005
rank >= 4,57,54.39,1.7,2.22,45.49,-18.38,6.911200000000001
pullback_main_net_ratio <= 0.08894,65,53.85,1.9,2.22,45.49,-14.24,6.908
discover_to_entry_return_pct <= 10.27,66,57.58,2.91,1.71,59.71,-14.24,6.8984
discover_to_entry_oib_ratio >= -0.039568,65,52.31,2.42,2.22,59.71,-18.38,6.8888
discover_to_entry_max_daily_super_outflow_ratio >= -0.07338,43,51.16,2.88,2.22,59.71,-18.38,6.888799999999999
launch_to_entry_amount_anomaly_avg <= 1.3384,68,57.35,2.73,1.71,59.71,-14.52,6.844
launch3_return_pct >= 4.992,65,52.31,2.14,2.22,59.71,-18.38,6.8328
discover_to_entry_sell_pressure_avg <= 1.45329,65,52.31,2.11,2.22,45.49,-18.38,6.8267999999999995
discover_to_entry_days >= 5,72,56.94,2.7,1.71,59.71,-18.38,6.8052
discover_to_entry_main_positive_day_ratio <= 0.75,70,55.71,2.58,1.71,59.71,-18.38,6.6828
pullback_depth_from_launch_peak_pct <= -5.39,54,57.41,1.58,1.71,45.49,-18.38,6.618799999999999
discover_to_entry_amount_avg <= 1.42141e+09,41,58.54,3.56,1.19,59.71,-16.72,6.5852
pullback_support_spread_avg <= 0.01585,42,54.76,1.56,1.85,21.82,-14.24,6.542800000000001
pull_to_entry_support_spread_avg <= 0.01585,42,54.76,1.56,1.85,21.82,-14.24,6.542800000000001
pull_to_entry_oib_ratio <= 0.01585,42,54.76,1.56,1.85,21.82,-14.24,6.542800000000001
pullback_super_net_ratio >= 0.0085665,53,56.6,4.12,1.19,59.71,-18.38,6.542
launch_to_entry_oib_ratio >= -0.01504,54,51.85,2.66,1.85,59.71,-18.38,6.530000000000001
launch3_add_buy_ratio <= 1.40174,42,52.38,3.08,1.71,45.49,-11.9,6.516400000000001
confirm_distribution_score >= 29.11,54,53.7,1.8,1.85,45.49,-14.24,6.506000000000001
discover_to_entry_support_spread_avg <= 0.009235,41,60.98,2.05,1.19,45.49,-11.9,6.478400000000001
launch_to_entry_sell_pressure_avg <= 1.44364,66,51.52,2.51,1.85,59.71,-18.38,6.4736
discover_to_entry_max_daily_super_outflow_ratio <= -0.0581825,53,58.49,3.01,1.19,59.71,-18.38,6.471200000000001
discover_to_entry_super_price_divergence >= -0.0318955,53,58.49,2.99,1.19,59.71,-18.38,6.467200000000001
launch_to_entry_days >= 5,45,60.0,2.35,1.19,30.63,-18.38,6.46
pull_to_entry_super_net_ratio >= 0.0096,55,56.36,3.8,1.19,59.71,-18.38,6.4588
pull_to_entry_max_daily_super_outflow_ratio >= 0.0096,55,56.36,3.8,1.19,59.71,-18.38,6.4588
pull_to_entry_super_price_divergence >= 0.0096,55,56.36,3.8,1.19,59.71,-18.38,6.4588
pull_to_entry_add_buy_ratio <= 1.41574,42,52.38,2.09,1.85,45.49,-14.24,6.4584
discover_to_entry_main_price_divergence >= -0.029804,53,58.49,2.79,1.19,59.71,-14.24,6.427200000000001
setup_score >= 87.0435,53,56.6,3.54,1.19,59.71,-18.38,6.426
pull_to_entry_amount_sum <= 1.27574e+09,43,58.14,2.8,1.19,45.49,-11.09,6.4012
pull_to_entry_amount_avg <= 1.27574e+09,43,58.14,2.8,1.19,45.49,-11.09,6.4012
setup_score >= 89.08,41,56.1,3.57,1.19,59.71,-18.38,6.392000000000001
pullback_main_net_ratio <= 0.02833,42,54.76,1.36,1.71,45.49,-11.36,6.3628
pre5_super_price_divergence >= 0.063168,53,56.6,3.18,1.19,59.71,-16.72,6.354
discover_to_entry_amount_anomaly_avg <= 1.23642,65,56.92,2.95,1.19,59.71,-14.52,6.333600000000001
pre5_return_pct <= -6.742,65,55.38,3.55,1.19,59.71,-18.38,6.3304
pull_to_entry_amount_anomaly_avg <= 1.62836,65,56.92,2.93,1.19,45.49,-11.9,6.329600000000001
pull_to_entry_cvd_ratio >= -0.04597,55,58.18,2.37,1.19,30.9,-14.52,6.3184000000000005
hold_max_daily_main_outflow_ratio >= -0.13103,54,57.41,2.97,1.13,59.71,-14.24,6.3168
launch_to_entry_max_daily_super_outflow_ratio <= -0.019154,65,56.92,2.82,1.19,59.71,-18.38,6.307600000000001
launch_to_entry_return_pct <= 8.5,55,58.18,2.31,1.19,45.49,-14.24,6.3064
discover_to_entry_super_net_ratio <= 0.0257445,53,58.49,2.16,1.19,45.49,-11.36,6.3012000000000015
pullback_depth_from_launch_peak_pct <= -4.266,65,56.92,2.55,1.19,45.49,-18.38,6.2536000000000005
setup_score <= 96.376,65,56.92,2.47,1.19,59.71,-18.38,6.2376000000000005
pull_to_entry_positive_l2_bar_ratio_avg >= 0.551,54,55.56,3.52,1.08,59.71,-18.38,6.2288
pull_to_entry_positive_l2_bar_ratio_avg >= 0.47552,65,55.38,2.84,1.19,59.71,-18.38,6.1884
pre5_super_price_divergence >= 0.084755,41,53.66,3.46,1.19,59.71,-14.24,6.174799999999999
pre20_return_pct >= -17.785,41,58.54,2.1,1.07,59.71,-14.52,6.1732000000000005
launch_to_entry_cvd_ratio >= -0.042754,65,55.38,3.24,1.07,59.71,-14.52,6.1484000000000005
pre5_return_pct <= -8.8615,53,54.72,3.48,1.07,59.71,-18.38,6.1436
hold_max_daily_super_outflow_ratio >= -0.07443,42,52.38,3.87,1.13,59.71,-14.24,6.0944
discover_to_entry_super_net_ratio <= 0.012115,41,58.54,1.65,1.07,45.49,-11.36,6.083200000000001
discover_to_entry_support_spread_avg <= 0.11419,65,56.92,1.62,1.19,45.49,-11.9,6.0676000000000005
discover_to_entry_buy_support_avg <= 1.53917,65,56.92,1.61,1.19,45.49,-14.24,6.065600000000001
hold_amount_sum >= 3.81963e+09,65,55.38,2.76,1.07,59.71,-18.38,6.0524000000000004
launch_to_entry_order_event_count_sum <= 864166,53,54.72,3.51,0.97,59.71,-14.52,6.0496
discover_to_entry_max_daily_super_outflow_ratio <= -0.07338,42,57.14,2.27,1.02,45.49,-14.52,6.0452
discover_to_entry_oib_ratio <= 0.000945,41,58.54,1.42,1.07,45.49,-11.9,6.0372
discover_to_entry_oib_ratio <= 0.143212,65,56.92,1.44,1.19,45.49,-14.24,6.031600000000001
launch_to_entry_amount_avg <= 2.31428e+09,66,54.55,2.93,1.08,59.71,-16.72,6.03
launch_to_entry_support_spread_avg <= 0.123698,65,56.92,1.37,1.19,45.49,-14.24,6.017600000000001
hold_cum_main_ratio_max_drawdown >= -0.05483,41,58.54,1.32,1.07,21.82,-18.38,6.017200000000001
duplicate_symbol_count_in_v1 >= 2,47,57.45,1.12,1.19,30.63,-18.38,6.01
pullback_support_spread_avg >= -0.021022,53,54.72,3.27,0.97,59.71,-18.38,6.0016
launch_to_entry_oib_ratio <= 0.113982,65,56.92,1.25,1.19,45.49,-14.24,5.993600000000001
pre20_main_price_divergence <= 0.152995,41,56.1,2.12,1.07,59.71,-18.38,5.982000000000001
hold_cum_super_ratio_min >= -0.052858,65,52.31,3.03,1.19,59.71,-14.52,5.9808
launch_to_entry_super_positive_day_ratio <= 0.5714,42,54.76,3.14,0.97,59.71,-18.38,5.9788
pull_to_entry_main_net_ratio >= 0.05119,41,53.66,3.52,0.97,59.71,-18.38,5.966799999999999
pull_to_entry_max_daily_main_outflow_ratio >= 0.05119,41,53.66,3.52,0.97,59.71,-18.38,5.966799999999999
pull_to_entry_active_buy_strength_avg >= 5.11885,41,53.66,3.52,0.97,59.71,-18.38,5.966799999999999
pull_to_entry_main_price_divergence >= 0.05119,41,53.66,3.52,0.97,59.71,-18.38,5.966799999999999
hold_add_buy_ratio <= 1.45849,66,54.55,2.91,1.02,59.71,-18.38,5.966
pullback_support_spread_avg >= 0.01585,43,53.49,3.58,0.97,59.71,-18.38,5.9652
pull_to_entry_support_spread_avg >= 0.01585,43,53.49,3.58,0.97,59.71,-18.38,5.9652
pull_to_entry_oib_ratio >= 0.01585,43,53.49,3.58,0.97,59.71,-18.38,5.9652
launch_to_entry_amount_sum <= 9.73779e+09,53,54.72,3.08,0.97,59.71,-14.52,5.9636
launch3_return_pct <= 7.9345,53,54.72,3.05,0.97,45.49,-14.24,5.9576
discover_to_entry_super_positive_day_ratio <= 0.74286,65,55.38,2.28,1.07,59.71,-18.38,5.9564
discover_to_entry_add_sell_ratio >= 1.36021,41,53.66,3.46,0.97,59.71,-16.72,5.9548
duplicate_symbol_count_in_v1 <= 3,72,54.17,2.99,1.02,59.71,-18.38,5.9516
launch_to_entry_main_price_divergence <= -0.027685,41,51.22,3.91,1.07,59.71,-18.38,5.9496
discover_to_entry_amount_sum <= 1.3315e+10,53,54.72,2.95,0.97,59.71,-14.52,5.9376
launch_to_entry_cvd_ratio >= -0.022384,53,54.72,2.95,0.97,59.71,-11.9,5.9376
launch_to_entry_max_daily_main_outflow_ratio <= -0.07041,41,53.66,2.23,1.19,59.71,-18.38,5.928799999999999
hold_add_buy_ratio >= 1.32493,42,52.38,3.81,0.97,59.71,-14.52,5.9224
confirm_distribution_score <= 36.71,41,53.66,3.29,0.97,59.71,-18.38,5.9208
hold_max_drawdown_pct >= -9.786,65,55.38,2.06,1.07,45.49,-14.24,5.912400000000001
hold_buy_support_avg >= 1.32824,41,53.66,3.24,0.97,59.71,-14.52,5.9108
discover_to_entry_add_buy_ratio <= 1.50414,65,55.38,1.42,1.19,45.49,-14.24,5.9044
launch_to_entry_super_positive_day_ratio <= 0.720845,53,54.72,2.77,0.97,59.71,-18.38,5.9016
pull_to_entry_add_buy_ratio >= 1.00805,65,53.85,3.09,0.97,59.71,-18.38,5.896
pre5_super_price_divergence >= 0.05287,65,53.85,2.96,0.97,59.71,-18.38,5.869999999999999
pre20_return_pct <= -13.516,65,50.77,3.08,1.19,59.71,-18.38,5.8675999999999995
hold_max_drawdown_pct >= -7.08,56,55.36,2.08,1.02,27.1,-14.24,5.864800000000001
hold_amount_anomaly_avg >= 0.89952,65,53.85,2.93,0.97,59.71,-18.38,5.864
setup_score >= 82.802,65,53.85,2.91,0.97,59.71,-18.38,5.859999999999999
launch3_add_buy_ratio >= 1.40174,42,54.76,2.5,0.97,59.71,-18.38,5.8508
launch_to_entry_main_price_divergence >= -0.042681,53,54.72,2.49,0.97,59.71,-14.24,5.8456
pre5_return_pct >= -13.806,65,55.38,1.7,1.07,59.71,-18.38,5.840400000000001
launch3_add_buy_ratio <= 1.60949,66,54.55,2.26,1.02,45.49,-14.24,5.836
hold_cancel_buy_ratio >= 0.000702,65,52.31,2.27,1.19,59.71,-18.38,5.8288
duplicate_symbol_count_in_v1 <= 2,57,50.88,3.38,1.07,59.71,-16.72,5.816400000000001
hold_max_daily_super_outflow_ratio >= -0.095768,65,53.85,2.68,0.97,59.71,-18.38,5.814
rank >= 2,67,55.22,1.61,1.07,45.49,-18.38,5.8096000000000005
launch3_return_pct <= 10.418,65,53.85,2.63,0.97,45.49,-14.24,5.803999999999999
discover_to_entry_oib_ratio <= 0.0211815,53,56.6,1.02,1.07,45.49,-11.9,5.8020000000000005
pre20_main_price_divergence >= 0.121826,65,52.31,3.19,0.97,59.71,-18.38,5.7928
pre5_return_pct <= -10.19,41,51.22,3.62,0.97,59.71,-16.72,5.7916
launch_to_entry_max_daily_main_outflow_ratio >= -0.122064,65,52.31,3.12,0.97,59.71,-18.38,5.7788
pre20_main_price_divergence <= 0.197842,65,53.85,2.42,0.97,59.71,-18.38,5.762
launch_to_entry_super_net_ratio <= 0.016925,41,56.1,1.51,0.97,45.49,-11.36,5.76
launch_to_entry_super_price_divergence <= -0.012712,65,53.85,2.4,0.97,59.71,-18.38,5.757999999999999
launch_to_entry_super_price_divergence >= -0.03527,43,53.49,2.53,0.97,59.71,-18.38,5.7552
pre20_super_price_divergence <= 0.168675,41,56.1,1.48,0.97,59.71,-18.38,5.7540000000000004
launch_to_entry_buy_support_avg <= 1.54776,65,55.38,1.26,1.07,45.49,-14.24,5.752400000000001
pull_to_entry_amount_sum <= 2.94733e+09,65,53.85,2.3,0.97,45.49,-16.72,5.7379999999999995
pull_to_entry_amount_avg <= 2.94733e+09,65,53.85,2.3,0.97,45.49,-16.72,5.7379999999999995
launch3_max_drawdown_pct >= 0,70,54.29,1.83,1.02,59.71,-18.38,5.7292000000000005
pull_to_entry_add_buy_ratio <= 1.4682,53,52.83,1.54,1.19,45.49,-14.24,5.724399999999999
pull_to_entry_support_spread_avg >= -0.03808,54,51.85,3.03,0.97,59.71,-18.38,5.724
pull_to_entry_oib_ratio >= -0.03808,54,51.85,3.03,0.97,59.71,-18.38,5.724
launch_to_entry_max_daily_super_outflow_ratio <= -0.0394215,53,54.72,1.87,0.97,45.49,-18.38,5.7216
discover_to_entry_cvd_ratio >= -0.0354265,53,52.83,2.62,0.97,59.71,-11.9,5.7204
launch_to_entry_super_price_divergence >= -0.0520885,53,52.83,2.62,0.97,59.71,-18.38,5.7204
launch_to_entry_max_drawdown_pct >= -5.25,66,53.03,2.53,0.97,59.71,-14.52,5.7184
discover_to_entry_max_daily_main_outflow_ratio <= -0.02509,67,53.73,2.24,0.97,59.71,-18.38,5.7164
hold_cancel_sell_ratio <= 0.37803,66,53.03,2.52,0.97,59.71,-18.38,5.7164
pre5_super_price_divergence <= 0.0950795,53,54.72,1.33,1.07,30.9,-18.38,5.7136000000000005
launch_to_entry_max_daily_super_outflow_ratio >= -0.05711,41,51.22,2.73,1.07,59.71,-16.72,5.7136000000000005
discover_to_entry_super_price_divergence >= -0.072012,65,53.85,2.13,0.97,59.71,-18.38,5.704
hold_buy_support_avg <= 1.48091,65,53.85,2.04,0.97,45.49,-18.38,5.686
pullback_super_net_ratio <= 0.0324,54,55.56,1.09,1.02,45.49,-14.24,5.6828
launch_to_entry_order_event_count_sum <= 1.45507e+06,65,52.31,2.64,0.97,59.71,-14.52,5.6828
pull_to_entry_cancel_buy_ratio >= 0.000684,53,50.94,2.68,1.07,59.71,-18.38,5.6812000000000005
launch_to_entry_max_daily_main_outflow_ratio <= -0.02327,66,53.03,2.34,0.97,59.71,-18.38,5.6804
hold_amount_avg >= 7.48028e+08,65,52.31,2.52,0.97,59.71,-18.38,5.658799999999999
hold_add_buy_ratio <= 1.41698,53,52.83,1.2,1.19,45.49,-18.38,5.6564
pullback_super_net_ratio >= -0.008636,65,52.31,2.48,0.97,59.71,-18.38,5.6508
pull_to_entry_super_net_ratio >= -0.008636,65,52.31,2.48,0.97,59.71,-18.38,5.6508
pull_to_entry_max_daily_super_outflow_ratio >= -0.008636,65,52.31,2.48,0.97,59.71,-18.38,5.6508
pull_to_entry_super_price_divergence >= -0.008636,65,52.31,2.48,0.97,59.71,-18.38,5.6508
launch3_return_pct >= 5.941,53,50.94,2.43,1.07,59.71,-18.38,5.6312
hold_sell_pressure_avg >= 0.545842,65,53.85,1.72,0.97,59.71,-18.38,5.622
discover_to_entry_cancel_buy_ratio <= 0.010465,41,51.22,2.75,0.97,59.71,-18.38,5.6175999999999995
discover_to_entry_add_buy_ratio >= 0.927234,65,52.31,2.21,0.97,59.71,-18.38,5.5968
launch_to_entry_add_buy_ratio >= 0.919692,65,52.31,2.21,0.97,59.71,-18.38,5.5968
discover_to_entry_amount_avg <= 2.31054e+09,65,52.31,2.17,0.97,59.71,-16.72,5.5888
launch3_max_drawdown_pct <= 0,82,52.44,2.11,0.97,59.71,-18.38,5.587199999999999
launch_to_entry_days >= 4,82,52.44,2.11,0.97,59.71,-18.38,5.587199999999999
hold_big_super_outflow_days >= 0,82,52.44,2.11,0.97,59.71,-18.38,5.587199999999999
duplicate_symbol_count_in_v1 >= 1,82,52.44,2.11,0.97,59.71,-18.38,5.587199999999999
discover_to_entry_cancel_sell_ratio <= 0.359758,65,52.31,2.08,0.97,59.71,-18.38,5.5708
launch_to_entry_max_daily_super_outflow_ratio <= -0.05711,41,53.66,1.5,0.97,45.49,-18.38,5.562799999999999
pre20_return_pct >= -20.216,53,52.83,1.83,0.97,59.71,-18.38,5.562399999999999
launch_to_entry_super_positive_day_ratio <= 0.75,67,52.24,2.04,0.97,59.71,-18.38,5.5572
discover_to_entry_support_spread_avg <= 0.029525,53,54.72,1.04,0.97,45.49,-11.9,5.5556
launch_to_entry_cancel_sell_ratio <= 0.367908,65,52.31,2.0,0.97,59.71,-18.38,5.5548
launch3_super_net_ratio >= 0.015778,53,50.94,2.04,1.07,59.71,-18.38,5.5532
pull_to_entry_cancel_sell_ratio <= 0.37283,68,52.94,1.71,0.97,59.71,-18.38,5.547199999999999
launch3_super_net_ratio <= 0.02466,42,52.38,1.93,0.97,45.49,-11.9,5.5464
pull_to_entry_main_net_ratio >= -0.010884,65,52.31,1.95,0.97,59.71,-18.38,5.5447999999999995
pull_to_entry_max_daily_main_outflow_ratio >= -0.010884,65,52.31,1.95,0.97,59.71,-18.38,5.5447999999999995
pull_to_entry_active_buy_strength_avg >= -1.08828,65,52.31,1.95,0.97,59.71,-18.38,5.5447999999999995
pull_to_entry_main_price_divergence >= -0.010884,65,52.31,1.95,0.97,59.71,-18.38,5.5447999999999995
pullback_main_net_ratio >= -0.018922,65,52.31,1.92,0.97,59.71,-18.38,5.5388
launch_to_entry_super_price_divergence >= -0.0714,67,52.24,1.91,0.97,59.71,-18.38,5.531199999999999
discover_to_entry_max_daily_main_outflow_ratio >= -0.119683,53,50.94,2.43,0.97,45.49,-18.38,5.531199999999999
hold_cancel_sell_ratio <= 0.334772,53,50.94,2.41,0.97,59.71,-18.38,5.5272
pull_to_entry_add_buy_ratio >= 1.17165,53,50.94,2.41,0.97,59.71,-18.38,5.5272
pull_to_entry_positive_l2_bar_ratio_avg >= 0.64945,41,51.22,2.28,0.97,59.71,-18.38,5.5236
pull_to_entry_cvd_ratio >= -0.074268,65,52.31,1.84,0.97,59.71,-16.72,5.5228
discover_to_entry_max_daily_super_outflow_ratio >= -0.0904,67,52.24,1.86,0.97,59.71,-18.38,5.521199999999999
discover_to_entry_sell_pressure_avg >= 1.35057,41,51.22,2.26,0.97,59.71,-16.72,5.5196
hold_max_daily_super_outflow_ratio <= -0.058001,53,54.72,0.81,0.97,45.49,-18.38,5.5096
pull_to_entry_cancel_sell_ratio <= 0.002505,41,51.22,2.15,0.97,59.71,-18.38,5.497599999999999
launch_to_entry_positive_l2_bar_ratio_avg >= 0.45998,65,50.77,2.32,0.97,59.71,-18.38,5.4956
hold_buy_support_avg <= 1.42253,53,50.94,1.12,1.19,45.49,-18.38,5.4892
hold_buy_support_avg <= 1.32824,41,51.22,0.99,1.19,45.49,-18.38,5.4856
launch_to_entry_sell_pressure_avg >= 0.54323,66,51.52,1.95,0.97,59.71,-18.38,5.481599999999999
discover_to_entry_cancel_sell_ratio <= 0.000835,41,51.22,2.06,0.97,59.71,-18.38,5.4796
launch_to_entry_add_buy_ratio <= 1.51025,65,53.85,0.96,0.97,45.49,-14.24,5.47
launch_to_entry_sell_pressure_avg >= 1.35723,41,51.22,2.0,0.97,59.71,-16.72,5.4676
launch_to_entry_max_daily_main_outflow_ratio >= -0.07041,41,51.22,1.99,0.97,45.49,-11.9,5.465599999999999
pre20_main_price_divergence >= 0.140791,53,50.94,2.07,0.97,30.9,-18.38,5.459199999999999
launch_to_entry_add_sell_ratio >= 1.32919,41,51.22,1.92,0.97,45.49,-16.72,5.4516
discover_to_entry_order_event_count_sum <= 1.56219e+06,65,50.77,2.07,0.97,59.71,-18.38,5.4456
launch_to_entry_max_drawdown_pct >= -3.602,53,50.94,1.99,0.97,59.71,-14.52,5.443199999999999
discover_to_entry_add_sell_ratio <= 1.36021,41,51.22,0.77,1.19,30.9,-18.38,5.441599999999999
hold_amount_avg <= 1.91131e+09,53,52.83,1.22,0.97,45.49,-16.72,5.4403999999999995
discover_to_entry_amount_sum >= 5.78948e+09,65,52.31,1.42,0.97,59.71,-18.38,5.4388
discover_to_entry_days <= 10,69,50.72,2.03,0.97,59.71,-18.38,5.433599999999999
pre20_return_pct >= -23.2,65,52.31,1.38,0.97,59.71,-18.38,5.4308
hold_big_super_outflow_days <= 3,75,52.0,1.46,0.97,59.71,-18.38,5.422
setup_score <= 92.39,54,51.85,1.22,1.02,45.49,-18.38,5.412000000000001
pullback_support_spread_avg <= 0.12701,69,53.62,0.76,0.97,30.9,-14.24,5.4116
launch_to_entry_return_pct <= 11.072,65,52.31,1.27,0.97,45.49,-14.24,5.408799999999999
pull_to_entry_amount_sum >= 6.14389e+08,65,52.31,1.25,0.97,59.71,-18.38,5.4048
pull_to_entry_amount_avg >= 6.14389e+08,65,52.31,1.25,0.97,59.71,-18.38,5.4048
discover_to_entry_sell_pressure_avg >= 0.53076,65,50.77,1.86,0.97,59.71,-18.38,5.4036
pull_to_entry_buy_support_avg <= 1.56754,67,50.75,1.28,1.07,45.49,-14.24,5.386000000000001
pull_to_entry_order_event_count_sum >= 63235.4,65,52.31,1.15,0.97,59.71,-18.38,5.3848
pre5_return_pct >= -10.19,41,53.66,0.6,0.97,30.9,-18.38,5.3828
pullback_super_net_ratio <= 0.02324,41,53.66,0.6,0.97,45.49,-11.36,5.3828
pullback_super_net_ratio <= 0.052228,65,52.31,1.1,0.97,45.49,-14.24,5.3748
launch3_return_pct <= 6.875,41,51.22,1.52,0.97,45.49,-11.9,5.3716
discover_to_entry_cancel_sell_ratio <= 0.327469,53,50.94,1.61,0.97,59.71,-18.38,5.3671999999999995
launch_to_entry_cancel_sell_ratio <= 0.312915,53,50.94,1.61,0.97,59.71,-18.38,5.3671999999999995
discover_to_entry_main_price_divergence >= -0.07025,65,50.77,1.63,0.97,59.71,-18.38,5.3576
pull_to_entry_main_net_ratio <= 0.0874865,53,50.94,1.06,1.07,45.49,-14.24,5.3572
pull_to_entry_max_daily_main_outflow_ratio <= 0.0874865,53,50.94,1.06,1.07,45.49,-14.24,5.3572
pull_to_entry_active_buy_strength_avg <= 8.74842,53,50.94,1.06,1.07,45.49,-14.24,5.3572
pull_to_entry_main_price_divergence <= 0.0874865,53,50.94,1.06,1.07,45.49,-14.24,5.3572
confirm_distribution_score >= 36.71,41,51.22,0.93,1.07,45.49,-14.24,5.3536
pre5_super_price_divergence <= 0.116242,65,52.31,0.96,0.97,30.9,-18.38,5.3468
hold_cum_super_ratio_max_drawdown >= -0.0341855,53,52.83,0.73,0.97,27.1,-18.38,5.3424
launch_to_entry_amount_sum >= 3.66809e+09,65,50.77,1.54,0.97,59.71,-18.38,5.3396
pull_to_entry_support_spread_avg <= 0.12701,68,52.94,0.66,0.97,30.9,-14.24,5.337199999999999
pull_to_entry_oib_ratio <= 0.12701,68,52.94,0.66,0.97,30.9,-14.24,5.337199999999999
pull_to_entry_sell_pressure_avg >= 0.597753,53,50.94,1.45,0.97,59.71,-18.38,5.3351999999999995
discover_to_entry_amount_sum <= 1.93111e+10,65,50.77,1.51,0.97,59.71,-16.72,5.333600000000001
launch_to_entry_main_price_divergence >= -0.027685,41,53.66,0.31,0.97,45.49,-14.24,5.3248
discover_to_entry_order_event_count_sum >= 546639,65,52.31,0.85,0.97,59.71,-18.38,5.3248
launch_to_entry_order_event_count_sum >= 377285,66,51.52,1.09,0.97,59.71,-18.38,5.3096
pull_to_entry_main_net_ratio <= 0.05119,41,51.22,0.7,1.07,45.49,-14.24,5.3076
pull_to_entry_max_daily_main_outflow_ratio <= 0.05119,41,51.22,0.7,1.07,45.49,-14.24,5.3076
pull_to_entry_active_buy_strength_avg <= 5.11885,41,51.22,0.7,1.07,45.49,-14.24,5.3076
pull_to_entry_main_price_divergence <= 0.05119,41,51.22,0.7,1.07,45.49,-14.24,5.3076
pre20_super_price_divergence <= 0.224098,65,50.77,1.28,0.97,59.71,-18.38,5.2876
pre20_super_price_divergence <= 0.192971,53,50.94,1.18,0.97,59.71,-18.38,5.281199999999999
pre20_main_price_divergence <= 0.176608,53,50.94,1.16,0.97,59.71,-18.38,5.2772
pull_to_entry_sell_pressure_avg >= 0.554596,65,50.77,1.2,0.97,59.71,-18.38,5.2716
discover_to_entry_amount_avg >= 7.6028e+08,65,50.77,1.03,0.97,59.71,-18.38,5.2376000000000005
launch_to_entry_amount_avg >= 7.58797e+08,65,50.77,1.03,0.97,59.71,-18.38,5.2376000000000005
hold_support_spread_avg <= 0.04018,66,51.52,0.69,0.97,30.63,-18.38,5.2296
hold_oib_ratio <= 0.03182,66,51.52,0.69,0.97,30.63,-18.38,5.2296
launch3_super_net_ratio >= 0.01087,65,50.77,0.96,0.97,59.71,-18.38,5.2236
pre5_super_price_divergence <= 0.084755,41,51.22,0.76,0.97,30.9,-18.38,5.2196
hold_cum_main_ratio_max_drawdown >= -0.07012,55,52.73,0.06,0.97,21.82,-18.38,5.200399999999999
hold_cum_super_ratio_max_drawdown >= -0.057332,65,52.31,0.14,0.97,27.1,-18.38,5.182799999999999
hold_amount_avg <= 2.38566e+09,65,50.77,0.67,0.97,45.49,-16.72,5.1656
pull_to_entry_cvd_ratio >= 0.008065,41,51.22,0.39,0.97,30.63,-14.52,5.1456
pull_to_entry_super_net_ratio <= 0.048343,53,50.94,0.5,0.97,45.49,-14.24,5.145199999999999
pull_to_entry_max_daily_super_outflow_ratio <= 0.048343,53,50.94,0.5,0.97,45.49,-14.24,5.145199999999999
pull_to_entry_super_price_divergence <= 0.048343,53,50.94,0.5,0.97,45.49,-14.24,5.145199999999999
hold_support_spread_avg <= 0.02017,54,51.85,0.03,0.97,21.82,-18.38,5.1240000000000006
hold_oib_ratio <= 0.00521,54,51.85,0.03,0.97,21.82,-18.38,5.1240000000000006
hold_big_super_outflow_days >= 1,61,50.82,0.4,0.97,45.49,-18.38,5.1156
pull_to_entry_super_net_ratio <= 0.02633,41,51.22,-0.44,0.97,45.49,-14.24,4.9796
pull_to_entry_max_daily_super_outflow_ratio <= 0.02633,41,51.22,-0.44,0.97,45.49,-14.24,4.9796
pull_to_entry_super_price_divergence <= 0.02633,41,51.22,-0.44,0.97,45.49,-14.24,4.9796
pull_to_entry_cvd_ratio <= 0.06569,66,50.0,2.3,0.47,59.71,-18.38,4.93
rank <= 8,68,50.0,2.1,0.47,59.71,-18.38,4.89
launch_to_entry_main_positive_day_ratio >= 0.5,68,50.0,1.88,0.47,59.71,-18.38,4.846
hold_buy_support_avg >= 0.54913,66,50.0,1.84,0.47,59.71,-18.38,4.838
launch_to_entry_add_sell_ratio >= 0.8954,68,50.0,1.62,0.47,59.71,-18.38,4.794
launch_to_entry_days <= 7,68,50.0,1.6,0.47,59.71,-18.38,4.79
pull_to_entry_positive_l2_bar_ratio_avg <= 0.7143,54,50.0,1.31,0.52,45.49,-14.24,4.782
pull_to_entry_positive_l2_bar_ratio_avg <= 0.7755,66,50.0,1.26,0.52,45.49,-14.24,4.771999999999999
pull_to_entry_add_buy_ratio <= 1.56812,66,50.0,1.24,0.52,45.49,-14.24,4.768
hold_max_daily_main_outflow_ratio >= -0.15346,66,50.0,1.42,0.47,59.71,-18.38,4.754
launch_to_entry_amount_sum <= 1.62338e+10,66,50.0,1.41,0.47,59.71,-16.72,4.752
launch_to_entry_cancel_buy_ratio >= 0.002589,53,49.06,2.67,-0.03,59.71,-18.38,4.428800000000001
launch_to_entry_super_net_ratio >= 0.006724,65,49.23,2.58,-0.03,59.71,-18.38,4.4244
pre20_super_price_divergence >= 0.168675,41,48.78,2.74,-0.03,45.49,-18.38,4.420400000000001
launch_to_entry_super_net_ratio >= 0.016925,41,48.78,2.71,-0.03,59.71,-18.38,4.4144000000000005
discover_to_entry_cancel_buy_ratio >= 0.002327,53,49.06,2.59,-0.03,59.71,-18.38,4.412800000000001
pre20_super_price_divergence >= 0.133798,65,49.23,2.44,-0.03,59.71,-18.38,4.3964
launch_to_entry_super_positive_day_ratio >= 0.5,69,49.28,2.41,-0.03,59.71,-18.38,4.3944
launch_to_entry_super_net_ratio >= 0.011009,53,49.06,2.47,-0.03,59.71,-18.38,4.388800000000001
discover_to_entry_support_spread_avg >= -0.0151465,53,49.06,2.26,-0.03,59.71,-18.38,4.3468
discover_to_entry_oib_ratio >= -0.0166955,53,49.06,2.25,-0.03,59.71,-18.38,4.3448
discover_to_entry_cvd_ratio >= -0.049998,65,49.23,2.16,-0.03,59.71,-16.72,4.3404
hold_cancel_sell_ratio <= 0.00086,43,48.84,2.28,-0.03,59.71,-18.38,4.333200000000001
discover_to_entry_positive_l2_bar_ratio_avg >= 0.44096,65,49.23,2.1,-0.03,59.71,-18.38,4.3284
discover_to_entry_add_sell_ratio >= 0.984238,53,49.06,2.14,-0.03,59.71,-18.38,4.322800000000001
launch_to_entry_add_sell_ratio >= 0.981549,53,49.06,2.14,-0.03,59.71,-18.38,4.322800000000001
discover_to_entry_add_buy_ratio >= 1.15317,53,49.06,2.09,-0.03,59.71,-18.38,4.3128
pull_to_entry_cancel_sell_ratio >= 0.000417,53,49.06,2.07,-0.03,59.71,-14.52,4.308800000000001
pre20_main_price_divergence >= 0.152995,41,48.78,2.11,-0.03,30.9,-18.38,4.2944
hold_add_buy_ratio >= 0.929794,65,49.23,1.85,-0.03,59.71,-18.38,4.2783999999999995
discover_to_entry_cancel_buy_ratio <= 0.354154,53,49.06,1.85,-0.03,59.71,-18.38,4.2648
pull_to_entry_add_sell_ratio >= 1.07011,53,49.06,1.85,-0.03,59.71,-18.38,4.2648
discover_to_entry_amount_anomaly_avg >= 0.837195,53,49.06,1.84,-0.03,59.71,-18.38,4.2628
confirm_distribution_score <= 50.504,65,49.23,1.75,-0.03,59.71,-18.38,4.2584
hold_add_buy_ratio >= 1.01893,53,49.06,1.8,-0.03,59.71,-18.38,4.2548
launch_to_entry_support_spread_avg >= -0.044652,65,49.23,1.71,-0.03,59.71,-18.38,4.2504
discover_to_entry_amount_anomaly_avg >= 0.73968,65,49.23,1.69,-0.03,59.71,-18.38,4.2463999999999995
pull_to_entry_add_sell_ratio >= 0.912888,65,49.23,1.66,-0.03,59.71,-18.38,4.2404
launch_to_entry_add_sell_ratio <= 1.45004,69,49.28,1.61,-0.03,59.71,-18.38,4.234400000000001
hold_cancel_sell_ratio >= 0.00026,66,50.0,1.97,-0.16,59.71,-18.38,4.234
hold_big_super_outflow_days <= 1,49,48.98,1.72,-0.03,59.71,-18.38,4.2324
discover_to_entry_add_sell_ratio >= 0.889522,65,49.23,1.57,-0.03,59.71,-18.38,4.2224
hold_cancel_buy_ratio <= 0.39893,65,49.23,1.54,-0.03,59.71,-18.38,4.2164
discover_to_entry_support_spread_avg >= -0.039732,65,49.23,1.51,-0.03,59.71,-18.38,4.2104
launch_to_entry_main_price_divergence >= -0.065378,65,49.23,1.43,-0.03,59.71,-18.38,4.1944
discover_to_entry_max_daily_main_outflow_ratio >= -0.15346,65,49.23,1.41,-0.03,45.49,-18.38,4.1903999999999995
launch_to_entry_cancel_sell_ratio <= 0.00095,43,48.84,1.39,-0.03,59.71,-18.38,4.155200000000001
discover_to_entry_amount_sum >= 7.67118e+09,53,49.06,1.25,-0.03,59.71,-18.38,4.1448
hold_add_sell_ratio >= 0.922034,65,49.23,1.17,-0.03,59.71,-18.38,4.1424
pull_to_entry_main_net_ratio <= 0.122754,65,49.23,1.09,-0.03,45.49,-14.24,4.1264
pull_to_entry_max_daily_main_outflow_ratio <= 0.122754,65,49.23,1.09,-0.03,45.49,-14.24,4.1264
pull_to_entry_active_buy_strength_avg <= 12.2751,65,49.23,1.09,-0.03,45.49,-14.24,4.1264
pull_to_entry_main_price_divergence <= 0.122754,65,49.23,1.09,-0.03,45.49,-14.24,4.1264
pull_to_entry_add_sell_ratio >= 1.26733,41,48.78,1.19,-0.03,45.49,-14.24,4.1104
hold_cum_main_ratio_min <= 0.00289,67,49.25,1.0,-0.03,59.71,-18.38,4.11
launch_to_entry_cancel_sell_ratio >= 0.00095,44,50.0,1.32,-0.16,45.49,-14.24,4.104
discover_to_entry_max_drawdown_pct >= -10.746,65,49.23,0.86,-0.03,45.49,-18.38,4.0804
pull_to_entry_sell_pressure_avg >= 1.26268,41,48.78,1.04,-0.03,30.9,-14.24,4.0804
pull_to_entry_add_buy_ratio >= 1.41574,42,50.0,1.36,-0.26,59.71,-18.38,4.0120000000000005
launch_to_entry_cancel_buy_ratio <= 0.011515,41,48.78,0.54,-0.03,30.9,-18.38,3.9804000000000004
confirm_distribution_score >= 22,68,50.0,0.75,-0.2,45.49,-18.38,3.9499999999999997
hold_cancel_sell_ratio >= 0.00086,44,50.0,0.45,-0.16,45.49,-14.24,3.9299999999999997
hold_amount_anomaly_avg <= 1.33434,65,49.23,-0.01,-0.03,27.1,-16.72,3.9064
launch_to_entry_super_price_divergence <= -0.025443,53,49.06,-0.1,-0.03,30.63,-18.38,3.8748000000000005
hold_max_daily_super_outflow_ratio <= -0.07443,42,50.0,0.1,-0.27,45.49,-18.38,3.75
hold_support_spread_avg <= -0.01186,41,48.78,-0.88,-0.03,21.82,-18.38,3.6964
hold_oib_ratio <= -0.027645,41,48.78,-1.11,-0.03,21.82,-18.38,3.6504000000000003
launch_to_entry_support_spread_avg >= 0.00355,42,47.62,2.72,-0.76,59.71,-18.38,3.5936
rank <= 5,46,47.83,2.21,-0.77,59.71,-18.38,3.4984
launch_to_entry_days <= 5,60,48.33,1.7,-0.77,59.71,-18.38,3.4364
launch3_add_buy_ratio >= 0.90251,66,48.48,1.57,-0.76,59.71,-18.38,3.4323999999999995
launch_to_entry_cancel_buy_ratio <= 0.39709,66,48.48,1.35,-0.76,59.71,-18.38,3.3883999999999994
discover_to_entry_super_positive_day_ratio >= 0.5,54,48.15,1.53,-0.77,30.9,-18.38,3.388
hold_sell_pressure_avg >= 0.56746,54,48.15,1.31,-0.76,59.71,-18.38,3.3539999999999996
hold_max_daily_super_outflow_ratio >= -0.08502,54,48.15,1.28,-0.76,59.71,-18.38,3.348
hold_cancel_buy_ratio <= 0.33744,54,48.15,1.27,-0.76,59.71,-18.38,3.3459999999999996
hold_big_super_outflow_days <= 2,64,48.44,0.69,-0.76,59.71,-18.38,3.2531999999999996
pull_to_entry_main_net_ratio >= 0.02833,55,49.09,2.21,-1.48,59.71,-18.38,2.8892000000000007
pull_to_entry_max_daily_main_outflow_ratio >= 0.02833,55,49.09,2.21,-1.48,59.71,-18.38,2.8892000000000007
pull_to_entry_active_buy_strength_avg >= 2.8331,55,49.09,2.21,-1.48,59.71,-18.38,2.8892000000000007
pull_to_entry_main_price_divergence >= 0.02833,55,49.09,2.21,-1.48,59.71,-18.38,2.8892000000000007
pullback_depth_from_launch_peak_pct >= -6.15,41,46.34,3.16,-1.48,59.71,-14.52,2.8592000000000004
discover_to_entry_super_net_ratio >= -0.003808,65,47.69,2.28,-1.48,59.71,-18.38,2.7912
discover_to_entry_oib_ratio >= 0.000945,41,46.34,2.8,-1.48,59.71,-18.38,2.7872000000000003
rank <= 7,59,47.46,2.29,-1.51,59.71,-18.38,2.7448000000000006
discover_to_entry_super_net_ratio >= 0.012115,41,46.34,2.57,-1.48,59.71,-18.38,2.7412
discover_to_entry_cancel_buy_ratio >= 0.000802,65,47.69,1.99,-1.48,59.71,-18.38,2.7332
hold_cum_main_ratio_max_drawdown <= -0.0406015,53,47.17,2.48,-1.55,59.71,-14.52,2.7196000000000002
pull_to_entry_cancel_buy_ratio >= 0.00041,65,47.69,1.83,-1.48,59.71,-18.38,2.7012
launch_to_entry_cvd_ratio >= -0.009055,41,48.78,1.7,-1.55,59.71,-11.9,2.6924
launch_to_entry_max_daily_main_outflow_ratio >= -0.0965885,53,47.17,2.06,-1.51,59.71,-18.38,2.6756
pull_to_entry_buy_support_avg >= 1.38542,41,48.78,1.24,-1.48,59.71,-18.38,2.6704
discover_to_entry_buy_support_avg >= 0.570464,53,47.17,1.84,-1.48,59.71,-18.38,2.6616
discover_to_entry_active_buy_strength_avg >= -1.29938,65,47.69,1.63,-1.48,59.71,-18.38,2.6612
pre20_super_price_divergence >= 0.156577,53,47.17,1.98,-1.51,45.49,-18.38,2.6596
launch_to_entry_add_buy_ratio >= 1.1435,53,47.17,1.81,-1.48,59.71,-18.38,2.6556
launch_to_entry_amount_anomaly_avg >= 0.7428,65,47.69,1.59,-1.48,59.71,-18.38,2.6532
launch_to_entry_return_pct >= 4.6,57,47.37,1.71,-1.48,59.71,-18.38,2.6516
confirm_distribution_score <= 43.8795,53,47.17,1.77,-1.48,59.71,-18.38,2.6476
launch_to_entry_buy_support_avg >= 0.567561,53,47.17,1.76,-1.48,59.71,-18.38,2.6456
discover_to_entry_buy_support_avg >= 0.541142,65,47.69,1.46,-1.48,59.71,-18.38,2.6271999999999998
pull_to_entry_buy_support_avg >= 0.53634,66,46.97,1.84,-1.5,59.71,-18.38,2.6256
pre20_return_pct <= -17.785,41,46.34,2.12,-1.51,30.9,-18.38,2.6212000000000004
hold_cvd_ratio <= -0.00083,69,47.83,1.37,-1.48,59.71,-18.38,2.6204
pullback_depth_from_launch_peak_pct >= -7.962,65,47.69,1.38,-1.48,59.71,-18.38,2.6111999999999997
launch_to_entry_amount_anomaly_avg >= 0.8579,55,47.27,1.53,-1.48,59.71,-18.38,2.6076000000000006
discover_to_entry_days <= 8,55,47.27,1.61,-1.51,59.71,-18.38,2.5936000000000003
launch_to_entry_return_pct >= 2.636,65,47.69,1.27,-1.48,59.71,-18.38,2.5892
discover_to_entry_super_positive_day_ratio >= 0.4,67,47.76,1.39,-1.51,45.49,-18.38,2.5887999999999995
pullback_main_net_ratio >= 0.0186265,53,47.17,1.46,-1.48,59.71,-18.38,2.5856
discover_to_entry_order_event_count_sum >= 752538,53,49.06,0.7,-1.48,59.71,-18.38,2.5848000000000004
pre20_return_pct <= -15.9425,53,47.17,1.6,-1.51,30.9,-18.38,2.5836000000000006
launch_to_entry_cancel_buy_ratio >= 0.000878,65,46.15,2.0,-1.51,59.71,-18.38,2.5820000000000003
hold_max_drawdown_pct <= -2.564,65,47.69,1.37,-1.51,59.71,-18.38,2.5792
pull_to_entry_cancel_sell_ratio <= 0.312215,53,47.17,1.38,-1.48,59.71,-18.38,2.5696
discover_to_entry_cancel_buy_ratio <= 0.4072,65,47.69,1.16,-1.48,59.71,-18.38,2.5671999999999997
pull_to_entry_amount_anomaly_avg >= 0.781355,53,47.17,1.36,-1.48,59.71,-18.38,2.5656
setup_score <= 89.08,41,48.78,0.65,-1.48,45.49,-18.38,2.5524
launch_to_entry_amount_sum >= 4.5721e+09,53,47.17,1.59,-1.55,59.71,-18.38,2.5416000000000003
hold_cancel_sell_ratio >= 0.000534,53,49.06,0.45,-1.51,45.49,-16.72,2.5048000000000004
hold_amount_avg >= 1.10868e+09,53,47.17,1.01,-1.48,59.71,-18.38,2.4956
launch3_add_buy_ratio >= 1.23524,53,47.17,1.0,-1.48,59.71,-18.38,2.4936000000000003
launch_to_entry_oib_ratio >= -0.00284,41,43.9,2.35,-1.51,59.71,-18.38,2.472
launch_to_entry_cancel_sell_ratio >= 0.000174,65,46.15,1.64,-1.55,59.71,-18.38,2.47
pull_to_entry_cancel_sell_ratio >= 0.000106,65,46.15,1.38,-1.51,59.71,-18.38,2.458
discover_to_entry_active_buy_strength_avg >= 0.21448,53,45.28,1.92,-1.55,59.71,-18.38,2.4564
launch_to_entry_amount_avg >= 9.32742e+08,55,47.27,1.11,-1.55,59.71,-18.38,2.4536000000000002
discover_to_entry_main_net_ratio >= -0.007838,65,46.15,1.34,-1.51,59.71,-18.38,2.45
discover_to_entry_cancel_sell_ratio >= 0.000232,65,46.15,1.53,-1.55,59.71,-18.38,2.4480000000000004
launch_to_entry_max_drawdown_pct >= -2.655,41,46.34,1.45,-1.55,59.71,-14.52,2.4472000000000005
discover_to_entry_main_positive_day_ratio >= 0.39112,65,47.69,0.55,-1.48,45.49,-18.38,2.4452
discover_to_entry_support_spread_avg >= 0.009235,41,43.9,2.17,-1.51,59.71,-18.38,2.436
discover_to_entry_main_price_divergence <= 0.02229,53,45.28,1.79,-1.55,59.71,-18.38,2.4304
launch_to_entry_active_buy_strength_avg >= 1.68671,53,45.28,1.77,-1.55,59.71,-18.38,2.4264
launch_to_entry_active_buy_strength_avg >= 0.08622,65,46.15,1.22,-1.51,59.71,-18.38,2.426
launch_to_entry_active_buy_strength_avg >= 3.09795,41,46.34,1.11,-1.51,59.71,-18.38,2.4192000000000005
launch_to_entry_buy_support_avg >= 0.532222,65,46.15,1.16,-1.51,59.71,-18.38,2.4140000000000006
launch3_main_net_ratio >= 0.022216,65,47.69,0.24,-1.48,59.71,-18.38,2.3832
discover_to_entry_main_price_divergence <= 0.048666,65,46.15,1.13,-1.55,59.71,-18.38,2.3680000000000003
pull_to_entry_amount_anomaly_avg >= 0.68936,65,46.15,0.8,-1.51,59.71,-18.38,2.3420000000000005
hold_cum_super_ratio_min <= 0.003408,65,47.69,0.17,-1.51,45.49,-18.38,2.3392
discover_to_entry_buy_support_avg >= 1.39108,41,46.34,0.55,-1.48,59.71,-18.38,2.3372
discover_to_entry_add_buy_ratio >= 1.38419,41,46.34,0.55,-1.48,59.71,-18.38,2.3372
hold_add_sell_ratio >= 1.02631,53,45.28,1.08,-1.51,59.71,-18.38,2.3284000000000002
pull_to_entry_super_net_ratio <= 0.075862,65,47.69,-0.05,-1.48,45.49,-14.24,2.3252
pull_to_entry_max_daily_super_outflow_ratio <= 0.075862,65,47.69,-0.05,-1.48,45.49,-14.24,2.3252
pull_to_entry_super_price_divergence <= 0.075862,65,47.69,-0.05,-1.48,45.49,-14.24,2.3252
discover_to_entry_sell_pressure_avg >= 0.564581,53,45.28,1.25,-1.55,59.71,-18.38,2.3224
launch_to_entry_sell_pressure_avg >= 0.571817,53,45.28,1.25,-1.55,59.71,-18.38,2.3224
discover_to_entry_amount_avg >= 1.42141e+09,41,46.34,0.67,-1.55,30.9,-18.38,2.2912000000000003
launch_to_entry_main_net_ratio >= 0.012262,65,46.15,0.52,-1.51,59.71,-18.38,2.2860000000000005
pullback_main_net_ratio >= 0.02833,45,44.44,1.34,-1.55,59.71,-18.38,2.273199999999999
launch_to_entry_order_event_count_sum >= 460238,53,45.28,0.95,-1.55,59.71,-18.38,2.2624
discover_to_entry_order_event_count_sum >= 986602,41,46.34,0.47,-1.55,59.71,-18.38,2.2512000000000003
discover_to_entry_return_pct >= -2.688,65,44.62,1.08,-1.55,59.71,-18.38,2.2356
pull_to_entry_buy_support_avg >= 0.58892,53,43.4,1.51,-1.55,59.71,-18.38,2.224
discover_to_entry_super_price_divergence <= 0.03168,65,44.62,0.98,-1.55,59.71,-18.38,2.2156
hold_cum_main_ratio_max_drawdown >= -0.085334,65,47.69,-0.65,-1.48,21.82,-18.38,2.2052
launch_to_entry_buy_support_avg >= 1.4013,42,45.24,0.5,-1.52,59.71,-18.38,2.1992000000000003
launch_to_entry_add_buy_ratio >= 1.38698,42,45.24,0.5,-1.52,59.71,-18.38,2.1992000000000003
discover_to_entry_super_net_ratio >= 0.0076725,53,43.4,1.33,-1.55,59.71,-18.38,2.1879999999999997
discover_to_entry_amount_sum >= 1.08757e+10,41,46.34,0.1,-1.55,30.9,-18.38,2.1772000000000005
pull_to_entry_cancel_buy_ratio <= 0.0101,41,46.34,-0.28,-1.48,30.9,-14.52,2.1712000000000002
hold_super_positive_day_ratio <= 0.5455,66,46.97,-0.32,-1.53,45.49,-18.38,2.1635999999999997
hold_negative_super_day_ratio >= 0.4545,66,46.97,-0.32,-1.53,45.49,-18.38,2.1635999999999997
launch_to_entry_super_price_divergence <= -0.03527,44,45.45,0.2,-1.52,30.63,-18.38,2.156
hold_cum_super_ratio_max_drawdown >= -0.02612,41,46.34,-0.54,-1.48,21.82,-18.38,2.1192
hold_cvd_ratio <= -0.020215,53,45.28,-0.19,-1.51,45.49,-18.38,2.0744000000000002
hold_main_net_ratio <= 0.009852,65,44.62,0.23,-1.55,59.71,-18.38,2.0655999999999994
hold_cum_main_ratio_last <= 0.009852,65,44.62,0.23,-1.55,59.71,-18.38,2.0655999999999994
hold_max_daily_main_outflow_ratio <= -0.089974,65,46.15,-0.43,-1.55,45.49,-18.38,2.0560000000000005
hold_cancel_buy_ratio <= 0.00362,41,43.9,0.01,-1.55,30.9,-18.38,1.964
pullback_depth_from_launch_peak_pct >= -6.74,54,44.44,1.55,-1.96,59.71,-14.52,1.9051999999999998
hold_cum_main_ratio_max_drawdown <= -0.05483,41,46.34,2.91,-2.41,59.71,-14.52,1.8792000000000002
discover_to_entry_amount_anomaly_avg >= 0.9237,41,43.9,-0.45,-1.55,30.9,-18.38,1.8719999999999999
hold_amount_anomaly_avg <= 1.09675,53,45.28,-1.02,-1.55,15.42,-14.24,1.8684
hold_super_positive_day_ratio <= 0.48971,53,45.28,-1.12,-1.55,45.49,-18.38,1.8484
hold_negative_super_day_ratio >= 0.51029,53,45.28,-1.12,-1.55,45.49,-18.38,1.8484
hold_amount_sum <= 2.05041e+10,65,44.62,-0.97,-1.55,45.49,-18.38,1.8255999999999997
discover_to_entry_main_positive_day_ratio >= 0.4545,54,46.3,-0.07,-1.96,30.9,-18.38,1.7299999999999998
hold_max_daily_super_outflow_ratio <= -0.04511,66,46.97,-0.47,-1.98,45.49,-18.38,1.6836
launch_to_entry_return_pct >= 7.21,42,42.86,1.02,-1.98,59.71,-18.38,1.6527999999999998
discover_to_entry_main_net_ratio >= 0.0077275,53,43.4,1.19,-2.41,59.71,-18.38,1.2999999999999998
discover_to_entry_positive_l2_bar_ratio_avg >= 0.495825,53,45.28,0.38,-2.41,45.49,-18.38,1.2884000000000002
launch_to_entry_positive_l2_bar_ratio_avg >= 0.5429,42,42.86,0.23,-2.19,59.71,-18.38,1.2848
discover_to_entry_max_drawdown_pct >= -8.848,53,43.4,0.74,-2.41,45.49,-14.24,1.2099999999999997
launch_to_entry_cancel_buy_ratio <= 0.356793,53,43.4,0.46,-2.41,59.71,-18.38,1.154
hold_buy_support_avg >= 0.569806,53,43.4,0.32,-2.41,59.71,-18.38,1.126
discover_to_entry_days <= 7,43,41.86,0.31,-2.41,45.49,-18.38,1.0008000000000001
discover_to_entry_cvd_ratio >= -0.016885,41,43.9,1.29,-2.79,59.71,-11.9,0.98
discover_to_entry_main_positive_day_ratio >= 0.55055,41,43.9,-0.68,-2.41,30.9,-18.38,0.9659999999999999
pull_to_entry_cancel_buy_ratio <= 0.45648,66,42.42,0.71,-2.57,59.71,-18.38,0.9656000000000003
hold_amount_anomaly_avg <= 0.99845,41,43.9,-0.89,-2.41,15.42,-11.36,0.9239999999999998
pull_to_entry_amount_anomaly_avg >= 0.9816,42,40.48,-0.74,-2.17,59.71,-18.38,0.9204
discover_to_entry_amount_avg >= 9.59756e+08,53,43.4,0.61,-2.79,59.71,-18.38,0.8039999999999999
hold_order_event_count_sum <= 1.72903e+06,65,43.08,-1.21,-2.41,45.49,-18.38,0.7944
pull_to_entry_amount_sum >= 9.09329e+08,53,43.4,0.74,-2.83,59.71,-18.38,0.7899999999999999
pull_to_entry_amount_avg >= 9.09329e+08,53,43.4,0.74,-2.83,59.71,-18.38,0.7899999999999999
pull_to_entry_order_event_count_sum >= 98706.2,53,43.4,0.63,-2.83,59.71,-18.38,0.7679999999999999
discover_to_entry_super_positive_day_ratio >= 0.52275,41,41.46,0.82,-2.72,30.9,-18.38,0.7608
discover_to_entry_max_daily_main_outflow_ratio >= -0.09754,41,41.46,-0.84,-2.41,30.9,-18.38,0.7388
launch_to_entry_cancel_sell_ratio >= 0.00043,55,45.45,-0.59,-2.79,45.49,-18.38,0.7280000000000001
launch_to_entry_positive_l2_bar_ratio_avg >= 0.5102,54,42.59,-0.44,-2.6,59.71,-18.38,0.7192000000000004
discover_to_entry_super_price_divergence <= 0.008536,53,43.4,-0.28,-2.72,30.9,-18.38,0.6959999999999997
holding_days <= 12.8,65,44.62,-0.83,-2.72,45.49,-18.38,0.6835999999999997
hold_days <= 12.8,65,44.62,-0.83,-2.72,45.49,-18.38,0.6835999999999997
hold_super_net_ratio <= 0.01004,66,42.42,-0.83,-2.57,45.49,-18.38,0.6576000000000003
hold_cum_super_ratio_last <= 0.01004,66,42.42,-0.83,-2.57,45.49,-18.38,0.6576000000000003
pull_to_entry_cancel_buy_ratio <= 0.373637,53,41.51,0.04,-2.72,59.71,-18.38,0.6087999999999996
launch_to_entry_amount_anomaly_avg >= 0.9716,41,41.46,0.19,-2.79,59.71,-18.38,0.5648000000000002
discover_to_entry_return_pct >= 3.365,41,39.02,1.12,-2.79,59.71,-18.38,0.5556000000000003
hold_main_price_divergence >= -0.106212,65,43.08,-2.51,-2.41,15.42,-18.38,0.5344
launch_to_entry_amount_avg >= 1.45542e+09,42,42.86,1.29,-3.16,59.71,-18.38,0.5267999999999997
discover_to_entry_return_pct >= 0.9105,53,39.62,0.63,-2.79,59.71,-18.38,0.5055999999999999
hold_max_drawdown_pct <= -4.78,54,40.74,0.23,-2.81,59.71,-18.38,0.49520000000000025
discover_to_entry_positive_l2_bar_ratio_avg >= 0.52275,41,41.46,-0.05,-2.83,45.49,-18.38,0.4768000000000001
hold_positive_l2_bar_ratio_avg <= 0.5204,66,42.42,-1.9,-2.57,30.9,-18.38,0.4436000000000003
discover_to_entry_active_buy_strength_avg >= 2.2429,41,41.46,-0.51,-2.83,30.9,-18.38,0.38480000000000014
discover_to_entry_cancel_sell_ratio >= 0.000407,53,41.51,-0.8,-2.79,45.49,-18.38,0.3707999999999997
launch3_main_net_ratio >= 0.036458,53,41.51,-0.63,-2.83,59.71,-18.38,0.3647999999999997
launch_to_entry_main_positive_day_ratio >= 0.6,43,41.86,-1.11,-2.79,30.9,-18.38,0.33680000000000015
launch_to_entry_amount_sum >= 7.38555e+09,41,43.9,-0.39,-3.11,30.9,-18.38,0.3240000000000001
hold_main_positive_day_ratio <= 0.56824,65,40.0,-0.66,-2.79,59.71,-18.38,0.27800000000000014
hold_negative_main_day_ratio >= 0.43176,65,40.0,-0.66,-2.79,59.71,-18.38,0.27800000000000014
hold_amount_avg >= 1.51515e+09,41,41.46,0.64,-3.2,59.71,-18.38,0.24480000000000002
discover_to_entry_main_price_divergence <= -0.00146,41,39.02,-0.44,-2.79,30.9,-18.38,0.24360000000000032
hold_max_daily_main_outflow_ratio <= -0.104931,53,41.51,-1.57,-2.79,45.49,-18.38,0.21679999999999966
discover_to_entry_max_drawdown_pct >= -6.02,41,39.02,-0.65,-2.79,30.9,-14.24,0.20160000000000033
launch_to_entry_order_event_count_sum >= 685679,41,41.46,-0.08,-3.11,59.71,-18.38,0.1908000000000003
discover_to_entry_super_price_divergence <= -0.01183,41,39.02,-0.72,-2.79,30.9,-18.38,0.18760000000000035
launch_to_entry_main_net_ratio >= 0.020013,53,37.74,-0.23,-2.79,59.71,-18.38,0.18320000000000006
hold_amount_sum <= 1.30155e+10,53,39.62,-1.62,-2.72,45.49,-16.72,0.1255999999999997
pull_to_entry_amount_sum >= 1.27574e+09,44,40.91,-0.06,-3.2,59.71,-18.38,0.060799999999999535
pull_to_entry_amount_avg >= 1.27574e+09,44,40.91,-0.06,-3.2,59.71,-18.38,0.060799999999999535
hold_cvd_ratio <= -0.02832,41,41.46,-0.36,-3.2,45.49,-18.38,0.04480000000000002
discover_to_entry_main_net_ratio >= 0.02497,41,36.59,-0.28,-2.83,59.71,-18.38,0.04120000000000039
hold_add_sell_ratio >= 1.37285,41,39.02,-1.9,-2.72,30.9,-18.38,0.021600000000000175
hold_super_net_ratio <= 0.000559,53,39.62,-1.62,-2.83,45.49,-18.38,0.015599999999999836
hold_cum_super_ratio_last <= 0.000559,53,39.62,-1.62,-2.83,45.49,-18.38,0.015599999999999836
hold_main_positive_day_ratio <= 0.5,61,37.7,-1.06,-2.79,59.71,-18.38,0.014000000000000401
hold_negative_main_day_ratio >= 0.5,61,37.7,-1.06,-2.79,59.71,-18.38,0.014000000000000401
hold_super_price_divergence >= -0.121392,65,41.54,-2.95,-2.72,14.37,-18.38,0.013199999999999656
hold_cum_main_ratio_min <= -0.03695,41,41.46,-0.74,-3.2,45.49,-18.38,-0.031199999999999978
hold_cum_super_ratio_min <= -0.0147515,53,41.51,-0.76,-3.2,45.49,-18.38,-0.03120000000000045
hold_sell_pressure_avg >= 1.39255,41,39.02,-2.22,-2.72,30.63,-18.38,-0.04239999999999988
hold_active_buy_strength_avg <= 0.78534,65,40.0,-2.3,-2.79,30.9,-18.38,-0.04999999999999982
hold_return_pct <= 10.7,66,40.91,-3.09,-2.75,11.45,-18.38,-0.09520000000000028
hold_max_daily_main_outflow_ratio <= -0.12024,42,42.86,-1.74,-3.2,45.49,-18.38,-0.11920000000000036
hold_cum_main_ratio_min <= -0.0149155,53,41.51,-1.35,-3.2,45.49,-18.38,-0.14920000000000044
hold_order_event_count_sum <= 1.1996e+06,54,37.04,-1.74,-2.79,45.49,-16.72,-0.1748
pull_to_entry_order_event_count_sum >= 132967,43,37.21,-0.79,-3.2,59.71,-18.38,-0.3811999999999999
hold_main_net_ratio <= -0.002648,53,39.62,-2.05,-3.2,45.49,-18.38,-0.4404000000000002
hold_cum_main_ratio_last <= -0.002648,53,39.62,-2.05,-3.2,45.49,-18.38,-0.4404000000000002
holding_days <= 9,54,37.04,-2.62,-2.97,45.49,-18.38,-0.5308000000000002
hold_days <= 9,54,37.04,-2.62,-2.97,45.49,-18.38,-0.5308000000000002
hold_amount_sum <= 7.81321e+09,41,34.15,-2.53,-2.79,45.49,-16.72,-0.5640000000000003
hold_order_event_count_sum <= 755059,43,32.56,-2.39,-2.83,45.49,-16.72,-0.7031999999999996
hold_active_buy_strength_avg <= -0.8411,54,35.19,-2.94,-2.95,30.9,-18.38,-0.7228000000000002
hold_main_price_divergence >= -0.0689375,53,35.85,-4.08,-2.83,8.68,-18.38,-0.7779999999999998
hold_positive_l2_bar_ratio_avg <= 0.49316,53,37.74,-3.6,-3.11,11.73,-18.38,-0.8107999999999999
launch_to_entry_main_net_ratio >= 0.032545,41,34.15,-1.86,-3.2,59.71,-18.38,-0.8400000000000005
hold_super_price_divergence >= -0.0480465,53,30.19,-4.69,-3.2,7.44,-18.38,-1.7228000000000003
hold_main_price_divergence >= -0.03802,41,29.27,-5.04,-3.2,6.03,-18.38,-1.8664
hold_return_pct <= 2.9555,53,26.42,-5.27,-3.37,6.0,-18.38,-2.3103999999999996
hold_cum_super_ratio_min <= -0.030615,41,41.46,-1.81,-6.98,45.49,-18.38,-4.0252
hold_max_drawdown_pct <= -5.195,41,39.02,-0.2,-7.55,59.71,-18.38,-4.4684
launch3_main_net_ratio >= 0.05008,41,34.15,-2.84,-6.98,59.71,-18.38,-4.816000000000001
hold_main_positive_day_ratio <= 0.4202,41,29.27,-3.11,-6.98,59.71,-18.38,-5.260400000000001
hold_negative_main_day_ratio >= 0.5798,41,29.27,-3.11,-6.98,59.71,-18.38,-5.260400000000001
hold_super_positive_day_ratio <= 0.4,42,30.95,-4.5,-6.88,27.1,-18.38,-5.304
hold_negative_super_day_ratio >= 0.6,42,30.95,-4.5,-6.88,27.1,-18.38,-5.304
hold_super_net_ratio <= -0.009195,41,26.83,-3.95,-6.98,45.49,-18.38,-5.623600000000001
hold_cum_super_ratio_last <= -0.009195,41,26.83,-3.95,-6.98,45.49,-18.38,-5.623600000000001
hold_positive_l2_bar_ratio_avg <= 0.44355,41,29.27,-5.47,-6.98,11.45,-18.38,-5.732400000000001
hold_active_buy_strength_avg <= -2.4507,41,29.27,-4.88,-7.55,27.1,-18.38,-6.184399999999999
hold_main_net_ratio <= -0.019655,41,26.83,-4.29,-7.73,45.49,-18.38,-6.441600000000001
hold_cum_main_ratio_last <= -0.019655,41,26.83,-4.29,-7.73,45.49,-18.38,-6.441600000000001
holding_days <= 6.5,41,19.51,-6.09,-6.98,11.45,-18.38,-6.6372
hold_days <= 6.5,41,19.51,-6.09,-6.98,11.45,-18.38,-6.6372
hold_super_price_divergence >= -0.00706,41,19.51,-6.21,-7.55,6.03,-18.38,-7.231199999999999
hold_return_pct <= 0.155,41,9.76,-7.69,-9.46,3.21,-18.38,-10.217200000000002
